cache_dir	relative_path	size_bytes
models--amd--Kimi-K2.5-MXFP4	blobs/0045cc5f47eca2266d4e6610226a69bfd2175a3dfc4334250a0acd9899f4eb43	9215704248
models--amd--Kimi-K2.5-MXFP4	blobs/042fde845f33678e10b0723ca1ec6e65d59f8e17	50912
models--amd--Kimi-K2.5-MXFP4	blobs/09b4d925aa0a7c712feef50765355f0625d8f6d46ea302fd98db9609e9070047	270100
models--amd--Kimi-K2.5-MXFP4	blobs/0eb212be70e29ade1a3de5fdc24bff35aaee507dfba745ffb74febf2b05395e6	108556344
models--amd--Kimi-K2.5-MXFP4	blobs/0faf42d63e96cc159d1aeea33b704f5e9377e56c87db6f102bb88d2ec923f1d7	9215704248
models--amd--Kimi-K2.5-MXFP4	blobs/10c9da3f02f978a504c12d12b9bd5d9b67264bd9b8e55eed3a6f691fff589f7e	9215704248
models--amd--Kimi-K2.5-MXFP4	blobs/12095b71eccd3826b28ed63a45865697311291c5b4bed53b8ae8bd0756f1e803	9215706568
models--amd--Kimi-K2.5-MXFP4	blobs/14115c4305225f6c65f74a8bec71efd26fb7326a8ea1058f675f8530596b4186	9215704248
models--amd--Kimi-K2.5-MXFP4	blobs/14c37abfedf2540344d9c088f8394358ac06c6409809e7ccea10e6a792d25124	412845960
models--amd--Kimi-K2.5-MXFP4	blobs/15f8b1b9457361aa7f2a9e34db370f8f287c233b15fa5e428602e35bb8f5db2c	9215706568
models--amd--Kimi-K2.5-MXFP4	blobs/1aac57bead663d507b156284690add81f1146953	3233
models--amd--Kimi-K2.5-MXFP4	blobs/1d7fdbd62d7e6e80c01957217c233c397a6e7311646d9083a8fa715331c08587	9215704248
models--amd--Kimi-K2.5-MXFP4	blobs/1ff3a6fcf528980439f8b2c24b74d8ed5abe3790db678132f46d9043319030bb	9215706568
models--amd--Kimi-K2.5-MXFP4	blobs/20ea40516e24e1bacb8e3434e3a7ca441764ee9b	1643
models--amd--Kimi-K2.5-MXFP4	blobs/2181b8e7841f13727fe71d23a38ecd790be3a838592a96293de5e784bb6225e9	9215706568
models--amd--Kimi-K2.5-MXFP4	blobs/226a876a929af9c38ca586f7661045552d86aff02d8a43880f0ccc78c274c938	9215706568
models--amd--Kimi-K2.5-MXFP4	blobs/229857de9029e67ee27dbe60e2f248ec46c105fa08bf76f80e60de6d6411c8f5	9215706568
models--amd--Kimi-K2.5-MXFP4	blobs/2352c2b188bfd7adb36991382dc92a31f2491e61002da7f38cc2b5a2da29491a	9215706568
models--amd--Kimi-K2.5-MXFP4	blobs/23cdd5235bbb93a8056f7305ce9888b66eb3a82e257d8b56400266967cb4516d	9215706568
models--amd--Kimi-K2.5-MXFP4	blobs/292f35fa04745a0cc8979338a2a05a9d2e03b5b646178ce422a1657724901623	9215706568
models--amd--Kimi-K2.5-MXFP4	blobs/2d07e2ccfa9feabd932b67ef4c8d6a8c8379c9787b499dccba1ad5a5e91191ca	9215706568
models--amd--Kimi-K2.5-MXFP4	blobs/2dba0172ab2774268198058cd689a66d39e21fbd149730d315f0aef891119672	9215706568
models--amd--Kimi-K2.5-MXFP4	blobs/2e8d972d3b854ed7140eb16755aefb0b587c3d3f684fb351b781ec2f6a87ee40	9215706568
models--amd--Kimi-K2.5-MXFP4	blobs/32adf79e13e52d482f36a07711da09564f921d3169f373fa97dcdab099305f64	9215706568
models--amd--Kimi-K2.5-MXFP4	blobs/3404d1c7e76a17486454749e46eca43aa8d6a78a7500507e62cef1db5539ebc5	9215706568
models--amd--Kimi-K2.5-MXFP4	blobs/384f01aebca5480294ef47805396b1e34d4c94760188f4326a5e1d42ab09fd3e	9215706568
models--amd--Kimi-K2.5-MXFP4	blobs/39fb888657d4005b5abc8eb13d2edfea0d2c18dbcc3b56374b198e0894cbf94e	9215706568
models--amd--Kimi-K2.5-MXFP4	blobs/3bf1afe774559fa6718b2a4f1c485f3460ac74ca63ead287c473c5f7053e0ccc	9215706568
models--amd--Kimi-K2.5-MXFP4	blobs/3cc7727ddbeabef16b90ce0219446bc2d4ea9032	16517
models--amd--Kimi-K2.5-MXFP4	blobs/3d509e03f08f0c2e7ec520e2d074111061950442fffdf54dfc0658efd3a768fc	9215706568
models--amd--Kimi-K2.5-MXFP4	blobs/3da2fcfb13008fd7ef30deb8be7529f5123462350c0598972ea44edf8d0844f1	9215706568
models--amd--Kimi-K2.5-MXFP4	blobs/473e178a75dc4d1df5d150d48428bcc3aece58e3e5bf135046bb7b57e7a85f13	15889844
models--amd--Kimi-K2.5-MXFP4	blobs/4bb3f8ec4a1d604598b7ffb4621b955e995bda92	52
models--amd--Kimi-K2.5-MXFP4	blobs/51d6bf38338af0d117ce67e499b1b7eac35be599e1718484b71cb3a9feadfc5f	9215706568
models--amd--Kimi-K2.5-MXFP4	blobs/52a757597d25bee9fe2ff2d5a814e9df37ce5fa5ec38bf7a2f731177051bafcc	9215706568
models--amd--Kimi-K2.5-MXFP4	blobs/532e00fd20f6646e0c59f6c7628f00c360879d660233ecf50f5104622bd9327a	9215706568
models--amd--Kimi-K2.5-MXFP4	blobs/55ca5f77b82588917ba10755953f438c6904da4796dfbda6ee2e75df99990b88	9215706568
models--amd--Kimi-K2.5-MXFP4	blobs/5858b3290a32509480affd58abc01482d5976550	5435
models--amd--Kimi-K2.5-MXFP4	blobs/60f6e14a3f89fb81a1565de92417606379ed6f4aeaafff2ccba679a53df8c77f	4697635160
models--amd--Kimi-K2.5-MXFP4	blobs/6a84f144d2b12e81f3f0bfb4f950b6dbcd5c987eea8f2fce4d775cff04450408	9215706568
models--amd--Kimi-K2.5-MXFP4	blobs/6d936118ee9e2dcb4fe529e1f65985b00084cee397202964bd7002b3fd5720ce	9215706568
models--amd--Kimi-K2.5-MXFP4	blobs/707925a7f440d22c1fde9ea13676b7ee924d6e21	78528
models--amd--Kimi-K2.5-MXFP4	blobs/7107c97607726f7b2be725e76cf8bc4499684f6ae99e1c6077f4752bf6b9608d	9215706568
models--amd--Kimi-K2.5-MXFP4	blobs/75c2483b319be110ea766c9d9b9085798b6e93b02239e247459557adfa7ab824	9215706568
models--amd--Kimi-K2.5-MXFP4	blobs/775e12da35274b8183a976c1e486ba9c183a9fb1a758e5474fc41d4d5de4ecce	9215706568
models--amd--Kimi-K2.5-MXFP4	blobs/77d4caa81cc735aed439a0c294413ba33fe78e1f7a5fc0bd81ecebd6261de255	9215706568
models--amd--Kimi-K2.5-MXFP4	blobs/7868ea7598734c24cbbbbf904799c76b29af9803	13353
models--amd--Kimi-K2.5-MXFP4	blobs/792a1c34d7039f97a22bbe331210186a1efe648b217394033cd788c09f547c25	9215704248
models--amd--Kimi-K2.5-MXFP4	blobs/7a8bc2d71c92fce81cbda9da8a33db470eb1f5eb899e87c03c0973cba34ddf8f	833769904
models--amd--Kimi-K2.5-MXFP4	blobs/7c219d7247ad815f9c73a93684402da0549e9724	1465
models--amd--Kimi-K2.5-MXFP4	blobs/7dfcac8e04b9e71fdbc875dbd8b7d633df49b1ba8fc096adf040fce451a51970	9215706568
models--amd--Kimi-K2.5-MXFP4	blobs/870b8be6e07cc2c46f7173e800fbaff8af0af5d1	87988
models--amd--Kimi-K2.5-MXFP4	blobs/8795e06f381700d6420798f82174e3f9647e9f89	13179
models--amd--Kimi-K2.5-MXFP4	blobs/90c1709b2436b892bf319128a3880f9ad660381c0254136928698e94d4cc7454	9215706568
models--amd--Kimi-K2.5-MXFP4	blobs/93346f577c4a9d44016a2829372c98c3b7f2c3567423202ac0550f51dde116b7	9215706568
models--amd--Kimi-K2.5-MXFP4	blobs/95b0a3e5ae595ea2550c99042795130493e3b7d5421cb2ecf6af97c7a55c4f4e	9215706568
models--amd--Kimi-K2.5-MXFP4	blobs/9a12dbcc606047811678759674f081f7bf5560a4e6098e1167c81088c4044635	9215706568
models--amd--Kimi-K2.5-MXFP4	blobs/9a65675206a855250093b68c9fcf5423dac4847b874df67d9cce8e98305402f1	9215704248
models--amd--Kimi-K2.5-MXFP4	blobs/9b63f22e2b7e4760b536ede2d0612e62d931dacf51ab0d7fcce2d0cbd97532fe	9215706568
models--amd--Kimi-K2.5-MXFP4	blobs/9d17e014b26c65a9154a45957111a08fed38000084b8930a9a28c6b0a7ff0c83	9215706568
models--amd--Kimi-K2.5-MXFP4	blobs/a9ac158f4752b092b37ce4cf51d7a11640caa24faa72e4e96028b6da1400d88e	9215706568
models--amd--Kimi-K2.5-MXFP4	blobs/b091caa58677a8be6566c32bb812b906cb40e1ad	2923
models--amd--Kimi-K2.5-MXFP4	blobs/b0accb4b335998b847e0093bf4a63e1f32447cc9	742
models--amd--Kimi-K2.5-MXFP4	blobs/b2ee0b6efa900eaf31b9a5f0b133d670ce94b029c5c038f681afeb25c110ad9e	9215706568
models--amd--Kimi-K2.5-MXFP4	blobs/b3152dd7c3e53d223d561848dc967f487daf32ef	10615
models--amd--Kimi-K2.5-MXFP4	blobs/b6c497a7469b33ced9c38afb1ad6e47f03f5e5dc05f15930799210ec050c5103	2795286
models--amd--Kimi-K2.5-MXFP4	blobs/c0b768d9a9cef432800fbb488542c3e27dfce7795ebe6a0eb058dfc2d0919525	9215706568
models--amd--Kimi-K2.5-MXFP4	blobs/c42babe21f267986aae253cc57533ba8030b92c91d7bfa0cf5f8d57b28ec0403	9215706568
models--amd--Kimi-K2.5-MXFP4	blobs/c4d32fcaffbe72d4050388e6464bb719408e361e	4862
models--amd--Kimi-K2.5-MXFP4	blobs/c558728752e493c3764a7abdd1281e3d12bfed1d	1662
models--amd--Kimi-K2.5-MXFP4	blobs/c7e9071b8f60c1ef742cb61b3cfe6bfc4d753c6a1ea3dc69287a556e049fb968	9215706568
models--amd--Kimi-K2.5-MXFP4	blobs/ccd7616d80bc16837103e64d7fd2d020393001e5e59a43f416822c14afdef65c	9215706568
models--amd--Kimi-K2.5-MXFP4	blobs/d526032f91036de5f3d226b866acf449553b986d	6906
models--amd--Kimi-K2.5-MXFP4	blobs/d685dbe4e1676b1ce53baf95adc2e62870a74628526baa05281cea48306610fe	9215706568
models--amd--Kimi-K2.5-MXFP4	blobs/d688b5dd61818c24d75c8f28ba28516ec7247eb850fad0db107d4dc9153e3a7d	9215706568
models--amd--Kimi-K2.5-MXFP4	blobs/e94bafff4fd281a993de205b542ce10110e93850e6c65c61d03be6c364a222a2	9215706568
models--amd--Kimi-K2.5-MXFP4	blobs/eef5ad639c43afc0042fe14a29390866afc2b94867c17f2e71f97dd21f9ddec2	9215706568
models--amd--Kimi-K2.5-MXFP4	blobs/f147528633e61d1e97a0604df23688838d071bf86d05dbb5dcdbb995ac349a88	9215706568
models--amd--Kimi-K2.5-MXFP4	blobs/f20284ff0ca9f7d951629732e32b0bfa14352bd3ff3011348d41b81a8570c56b	9215706568
models--amd--Kimi-K2.5-MXFP4	blobs/f2611ef97858d1d6b09cc6e429839e727d3d15d967abe3da8bfad655079fedb5	9215706568
models--amd--Kimi-K2.5-MXFP4	blobs/f2779be52ae498d7dfe18cfb5681105539b69eb4	39047
models--amd--Kimi-K2.5-MXFP4	blobs/f2cb6862d16b9f9989528a0521ef008ed2abb4d2ff519d126bff74c2086d6596	9215706568
models--amd--Kimi-K2.5-MXFP4	blobs/f424523790a658bbb7a4ec62bcbd5310add58b755ece211bb0c0dd82a15e745d	9215704248
models--amd--Kimi-K2.5-MXFP4	blobs/f88cb41422626beb4cf1e7826b079448a4663cd0	3759
models--amd--Kimi-K2.5-MXFP4	blobs/fda96a9661fdda6853f2bc5514978d21b8176e9ac423f6da6dde4e5ab39d3e17	9215704248
models--amd--Kimi-K2.5-MXFP4	blobs/fdf075282c27626a74d2c4bb64cc9c9275083ebc833b4a642945a0ef1a3dcba6	9215706568
models--amd--Kimi-K2.5-MXFP4	blobs/fdf3ab2f100f7c28a1f1e7295297e54b515d0b53	10019
models--deepseek-ai--DeepSeek-V4-Pro	blobs/0035e4b9a1e9b7f6a060ab314a51587f12386877855e338955d31a4a7510e26d	13868524408
models--deepseek-ai--DeepSeek-V4-Pro	blobs/025a1ca59cb255296f274d4ef5e0ea632a0d6384	1828
models--deepseek-ai--DeepSeek-V4-Pro	blobs/033fb548ce2d348ba5d4832077b3ca23e4d3a6a0648ab54e6e06a94ea243b346	13903805136
models--deepseek-ai--DeepSeek-V4-Pro	blobs/0833ba3fc3c9976388a72cc6f25fb2e9e3c7971bd7f9b21e651891f118852d8b	13868522072
models--deepseek-ai--DeepSeek-V4-Pro	blobs/0a60b02dc21dcf513fdd1c30ad6cdd91f9ff3943d77f1c085b1aa0525663186d	13868524408
models--deepseek-ai--DeepSeek-V4-Pro	blobs/0dfab2c9dca3e8503d1449cf4fe58313bf99addd069e3cfff30b89c762b0fe0f	1853831588
models--deepseek-ai--DeepSeek-V4-Pro	blobs/0e01fdd4ad9a5d3341bdf8cb09dba9b02282804be69f2a61b3fe1dad1ee1702d	13903805136
models--deepseek-ai--DeepSeek-V4-Pro	blobs/0ef64d991b80c86f24bd78d1bac9d452d95bc78e6b1d8feb6a182dae0240c7e5	1853358176
models--deepseek-ai--DeepSeek-V4-Pro	blobs/10034844edfc33b954ae530f35590132cdf4a342	4546
models--deepseek-ai--DeepSeek-V4-Pro	blobs/11d76ed51713f09c7c579ca48ebfb935cbfde1f4e8eec59f5d2f01ce88c14f00	13868524408
models--deepseek-ai--DeepSeek-V4-Pro	blobs/13b3454a902deecafe75644b41cd6b3e4a0e5354	526
models--deepseek-ai--DeepSeek-V4-Pro	blobs/167ade8fdb35c0fbaabf4735b6696ef7a32f1588	38632
models--deepseek-ai--DeepSeek-V4-Pro	blobs/1830a51d66eaf06b22e1c58329d93b59c7281340bf3d8f851fa9e78b35edab28	13903805136
models--deepseek-ai--DeepSeek-V4-Pro	blobs/184b068f1ccf22318ea1d2add79bebf3e0f3bf02fddf5148696d4d97497a74ef	13868524408
models--deepseek-ai--DeepSeek-V4-Pro	blobs/1c896e797e3f0cc6a95f6dd51079df1e6ba1887e	3741
models--deepseek-ai--DeepSeek-V4-Pro	blobs/1e5ea5c025c2d0c73d207040bf9ea1fec03e26a0d7238af760290ee374611ecd	13868524408
models--deepseek-ai--DeepSeek-V4-Pro	blobs/20329c33fa44137d57a1cd6908cae0d667f2dc242a969899b2aa139c8df5addd	13868524408
models--deepseek-ai--DeepSeek-V4-Pro	blobs/22edfb2d4f24590dc16e7f32a6e97b938cae14da5113014e9c9af23b85a14eae	13903805136
models--deepseek-ai--DeepSeek-V4-Pro	blobs/23c0e3c7680fb12730c67b42c8fceaca6e7b8578398bd477d50f38187a5c974a	13868524408
models--deepseek-ai--DeepSeek-V4-Pro	blobs/249935bc5bb459d4fb2341a983abd137bd8fa8e13c970125fb2e0b578375cb13	13868524408
models--deepseek-ai--DeepSeek-V4-Pro	blobs/2b8ff8775b8807566baa0dbe1f8d4a900fd168c395ffedeadd9e17c7dab6b840	13903805136
models--deepseek-ai--DeepSeek-V4-Pro	blobs/30b87de8350dd805240a812b5ec25094689652ee531463e541bc45feee304f92	13903805136
models--deepseek-ai--DeepSeek-V4-Pro	blobs/33f29691d7d99028cfe76a70cf9bc7db2ce42a808a0015860725bc89b3404376	13868524408
models--deepseek-ai--DeepSeek-V4-Pro	blobs/36a8b9ab83f3bc084d4fa0fbbe56418b94b35721aa7743ddcc7c09973dfd0004	13903805136
models--deepseek-ai--DeepSeek-V4-Pro	blobs/3adb1d4da092b5b7873c7e535db4ed7d0eec00d49f08a5bc4e158176dbbce502	13868524408
models--deepseek-ai--DeepSeek-V4-Pro	blobs/4155f2b1a428af47753345678152a5c69df51fa60d18b1203c1484cfc261fa45	13868524408
models--deepseek-ai--DeepSeek-V4-Pro	blobs/4a385c12ab746b513a5590707d5919e713ef9dc7a8bd51d26828fa6578f7c268	13903805136
models--deepseek-ai--DeepSeek-V4-Pro	blobs/590d0b044b0215aec29a736ffce2d733c3c47287025599d8117de36a6331c97a	13903805136
models--deepseek-ai--DeepSeek-V4-Pro	blobs/5bcb1fae104e5ab6d1a2e25d6a5da5a98a5ee46d5e2db13042e5c3fab347950b	13903805136
models--deepseek-ai--DeepSeek-V4-Pro	blobs/5f6cc767aa2780413d7eb80abb7fd038fc8ba5f9534893238a3d2e22954d90ce	13868524408
models--deepseek-ai--DeepSeek-V4-Pro	blobs/61af73d908edcc6b820ca5d7cca27114b51f2def5f9e742ad7d6a66bb950b989	13903805136
models--deepseek-ai--DeepSeek-V4-Pro	blobs/626dff2e694137259aa316f944c045eb584d035ddc13e5bc70c451653af4801a	13903805136
models--deepseek-ai--DeepSeek-V4-Pro	blobs/628e3364caad11bdf9e67cea06eae7878122811d	6367146
models--deepseek-ai--DeepSeek-V4-Pro	blobs/6378a7a765016688a02b844d0b148c1ee5a5921bb2847c90c44c455dd210fc09	13868524408
models--deepseek-ai--DeepSeek-V4-Pro	blobs/64159da36792f522305d580b725941c5b0abd29808c41eb944b8e9c8b1a85146	13868524408
models--deepseek-ai--DeepSeek-V4-Pro	blobs/644bf603deaa4cef01778269b434dc5b15e38835a8d6b19b61cfba1f719d7025	13868524408
models--deepseek-ai--DeepSeek-V4-Pro	blobs/65d633781dad4735df26ad1ad428592513088ff9c5649ef4aae0ad80ead8abe1	13868522072
models--deepseek-ai--DeepSeek-V4-Pro	blobs/6850e7814c506bc22d8b1941d14374476912f897d8e6290b17d18e2650399ec1	13868524408
models--deepseek-ai--DeepSeek-V4-Pro	blobs/6d88fe9ea60374a3ba960c38e27cc2361a0db3a54148a77bf59067077d5808b6	13903805136
models--deepseek-ai--DeepSeek-V4-Pro	blobs/777486468168e2b33f66e3ab776ff872ae9b1c5e	7075
models--deepseek-ai--DeepSeek-V4-Pro	blobs/77b54d8e48f5b53f0d29d0b55e9040b79cda41fe1959aaddba568e69e315fa90	13903802792
models--deepseek-ai--DeepSeek-V4-Pro	blobs/7e1cc78c33123582c00538a830d792cd2ea2f516	92
models--deepseek-ai--DeepSeek-V4-Pro	blobs/7e3c9bd5a394617f02d76384d613d991e60d48bd	2390
models--deepseek-ai--DeepSeek-V4-Pro	blobs/80fd70e6888dbed2f25d0e5cf5cd703d927356e5902edc7ee2e9ea0efea8a8ee	13903802792
models--deepseek-ai--DeepSeek-V4-Pro	blobs/87521b09505a221a44d8bfa824c848b00d9cfcf0	13193
models--deepseek-ai--DeepSeek-V4-Pro	blobs/8a03dadae71894de1515da33e296f0df1dbeed3e7f4bf0badd087f9af77f29e9	4480407
models--deepseek-ai--DeepSeek-V4-Pro	blobs/8c0b74723a79f8cc6dea610709ce55336a4f1ba3ba8bf6739869e8764e769bc2	13903805136
models--deepseek-ai--DeepSeek-V4-Pro	blobs/8e76a5fe75ab666c6700fe50b23da4ab39b2c27415cf4190eecfdfdc975919d7	13868524408
models--deepseek-ai--DeepSeek-V4-Pro	blobs/8fc226e154239f211f65474941263c4696ea5c3dc602c146397662373fb02bfe	13868524408
models--deepseek-ai--DeepSeek-V4-Pro	blobs/8fd472981a4c8d40c1845c51c5e8961fc4ef3ac22e7ec77801f534c239c1b30f	1000354
models--deepseek-ai--DeepSeek-V4-Pro	blobs/90c8bcd93574b932491b71445b6bc1c898e9f42ed381160b5cd6a6febfdc06bd	13903805136
models--deepseek-ai--DeepSeek-V4-Pro	blobs/95c161b04fca5bba2d8739467e07f570eb82234f28912502583d557061c030a4	13903805136
models--deepseek-ai--DeepSeek-V4-Pro	blobs/960c9139a6a83a2473eda09b267e6ba47b95cc19bbb1a9b1f7bac2b45bf53cee	13868524408
models--deepseek-ai--DeepSeek-V4-Pro	blobs/9867fd027e38ef63818916432605085cbe029800ad6f9418d7801f5b56cef4b6	13868524408
models--deepseek-ai--DeepSeek-V4-Pro	blobs/9a888dba876800f2983004d9951baffbc6c16456369badde4360419f50e0849e	13903805136
models--deepseek-ai--DeepSeek-V4-Pro	blobs/a1407195df32a4f05f81679df125b226a643d3d2039c8bf191a5261254d3d729	13868522072
models--deepseek-ai--DeepSeek-V4-Pro	blobs/a230b4c58df07517a18ed495a86755861ed20eb57b2580a63f1339b3608a0309	13903805136
models--deepseek-ai--DeepSeek-V4-Pro	blobs/a2eba858e27f76c45c72be841904fdab61430038d10a6eb1315382c463edd05b	13874726024
models--deepseek-ai--DeepSeek-V4-Pro	blobs/a2eccd1b26083d32bec90c735824ce5a29976b661cb9acba93cf9d54eb39adda	13903805136
models--deepseek-ai--DeepSeek-V4-Pro	blobs/a3a39b9ccb4e729851922fc9c770f5c5755e7b9d7e96cd02c23f0e12b5e25cb9	11305684
models--deepseek-ai--DeepSeek-V4-Pro	blobs/ad550ce13382a964ec5613acddcd96315b662f9a	22198
models--deepseek-ai--DeepSeek-V4-Pro	blobs/ae1b865dd129d58bb741763eb9714ada226d978161f76beee08740bea0c7afb6	13903805136
models--deepseek-ai--DeepSeek-V4-Pro	blobs/aeec3cfca08c45c7325e36b3c936da1d6e1fe4b2293fa5ae9183d907595c912c	13903805136
models--deepseek-ai--DeepSeek-V4-Pro	blobs/b42f5ba06ac82c53ddff70ac98b96a568f91455d5fde37615535d89c4050c982	13903805136
models--deepseek-ai--DeepSeek-V4-Pro	blobs/b440981f273d256befc31c8d17a26fa1834d93a8e1aeb256ee540d9b1ca9d387	13956840780
models--deepseek-ai--DeepSeek-V4-Pro	blobs/b76467b20ebe9ca4952cbea00e5ea94c353ae472fae82d4fff824d107fea2b18	13868524408
models--deepseek-ai--DeepSeek-V4-Pro	blobs/bcb447cf477f3e5f402c76af6544978235895256e11582b1782780e195cb9de7	13874726024
models--deepseek-ai--DeepSeek-V4-Pro	blobs/bffc8f966668bbb52cb5f70611782195840acedb14f03af3f3d4061827ad87b2	13903805136
models--deepseek-ai--DeepSeek-V4-Pro	blobs/c35c80305e5173f6b26e394a64134a75a3f17e28	6296
models--deepseek-ai--DeepSeek-V4-Pro	blobs/c56a8c5bf06ff7740b6a33ee67b38b6237a230b1	170
models--deepseek-ai--DeepSeek-V4-Pro	blobs/c62e58cb788ace28e724ae601bc9fe5143a18887	951
models--deepseek-ai--DeepSeek-V4-Pro	blobs/cd38adfa81f429167f29db3a6381ade884cb9d718aa6f44aa013c35e621ec829	13868524408
models--deepseek-ai--DeepSeek-V4-Pro	blobs/cdb68f233a71b142732372b901fa140d7d2148a3	27908
models--deepseek-ai--DeepSeek-V4-Pro	blobs/cf7e1aaa849312f1d9f31ddb8309b48483a14bd594310db99c548085c6b6d78a	13903802792
models--deepseek-ai--DeepSeek-V4-Pro	blobs/cf96a777bcbaca05d9b04b71cea6d0d431352e1415ee8d2876c099c1861260a3	13903805136
models--deepseek-ai--DeepSeek-V4-Pro	blobs/d30bd5d06cf39fe110bc4406292fccde0444c120	2552
models--deepseek-ai--DeepSeek-V4-Pro	blobs/d423b221fa88153a826f7724cc938e0703858c21	2748
models--deepseek-ai--DeepSeek-V4-Pro	blobs/d5e0791dd6997a2007f3aa917919a680521bcd51	2730
models--deepseek-ai--DeepSeek-V4-Pro	blobs/d62e3bef9f054f21b7fc616365850fbf879a99ff	1084
models--deepseek-ai--DeepSeek-V4-Pro	blobs/d9a746bf9bb208e5f07641a432e6f9d1194a4f8986ac6214a6335a05ec0b8be3	13868524408
models--deepseek-ai--DeepSeek-V4-Pro	blobs/db048ee990c2c77feb6f42cb72f1c55333aafb7c872b1681beddce25ee1f7847	13903805136
models--deepseek-ai--DeepSeek-V4-Pro	blobs/de1ae311527cdaed5f0834e504b9a9d4c85aaf4ec5b0b251ba4e2f5be8c4fce1	13903805136
models--deepseek-ai--DeepSeek-V4-Pro	blobs/ded642930dc67969f38eca789a9071e5d3dda76f634687db998bff367a495a99	13868522072
models--deepseek-ai--DeepSeek-V4-Pro	blobs/e219667828bc610d46e34ae1e73e573b0f474a3e	1070
models--deepseek-ai--DeepSeek-V4-Pro	blobs/e437b266df8e8f9381ddc3fb096a2cd7425aa61884e9be5e280034404f78ad57	13868524408
models--deepseek-ai--DeepSeek-V4-Pro	blobs/eb539e5674aa3d43610a7356cc7c54f0e68e695f8cf141318df85565c321c445	13868524408
models--deepseek-ai--DeepSeek-V4-Pro	blobs/edee563300d49b0c46af1429a1e1b00b15610a72	3313
models--deepseek-ai--DeepSeek-V4-Pro	blobs/f3dad388a2bbfd6a8605bd02754acd86d9ca5112	801
models--deepseek-ai--DeepSeek-V4-Pro	blobs/f9bf68d953bb81a1532b52c3663d390ac1409bc8	8118
models--deepseek-ai--DeepSeek-V4-Pro	blobs/fc397ef549728ad6083a577010192e62f3edeee4	342
models--deepseek-ai--DeepSeek-V4-Pro	blobs/ff448399c432294cf2c32fef0f2d0c45198dba478ccbb26fdbe3d9470a9e3401	13910006752
models--deepseek-ai--DeepSeek-V4-Pro	blobs/ff81c8508bbb850c14c216fcc59b4e9e2a7e7df2	1668
models--moonshotai--Kimi-K2.5	blobs/02376f1b7e16343f0e7ea4d847c85e33da30295499c25145fbd4998cb44fdcff	9809050936
models--moonshotai--Kimi-K2.5	blobs/04da30f98f4c57c6a821090be82d0d8e3af92ccb3edefb7cabed893d96ee0a04	9809050936
models--moonshotai--Kimi-K2.5	blobs/06e78ba422ca3d7188d701d6cbfef9ca79a94e56c572894ac63666cc90336a0c	9809050936
models--moonshotai--Kimi-K2.5	blobs/07998dcd30b032da866526de21463c7d4b54c16818ccac2d0faf9609b8d3ec8d	9809050936
models--moonshotai--Kimi-K2.5	blobs/09b4d925aa0a7c712feef50765355f0625d8f6d46ea302fd98db9609e9070047	270100
models--moonshotai--Kimi-K2.5	blobs/0eb212be70e29ade1a3de5fdc24bff35aaee507dfba745ffb74febf2b05395e6	108556344
models--moonshotai--Kimi-K2.5	blobs/17faa37dbf12b17eb3cb94bc7d9b85db9f7d68411bdecec84224425b25b22fca	9809047464
models--moonshotai--Kimi-K2.5	blobs/18daf53a15070b9c70d8bb63420dbd39764af9118af67982eeb60749f5453233	995001888
models--moonshotai--Kimi-K2.5	blobs/1aac57bead663d507b156284690add81f1146953	3233
models--moonshotai--Kimi-K2.5	blobs/20ea40516e24e1bacb8e3434e3a7ca441764ee9b	1643
models--moonshotai--Kimi-K2.5	blobs/26a3ec988f47120f07938afbf7ce3a27dbeeaf955e816ccf202ebf3751833438	9809050936
models--moonshotai--Kimi-K2.5	blobs/2b653d852e4d30f8eceb0800ae1a5b15c02fd203fae04c097aebb8fc99a0ef03	9809050936
models--moonshotai--Kimi-K2.5	blobs/2ce242860d1d06de3c8d9077817e83e48841daf9d85cacb2ec19fbff04c69161	9809050936
models--moonshotai--Kimi-K2.5	blobs/2e37a630cd0f516cf82442de3db77f1f4ec7f0fa7b37a429c51dd17c26fd6b02	9809050936
models--moonshotai--Kimi-K2.5	blobs/3b8438e1e9a6573f403c03defa00aa0649f716b5da098beb422827834e889ea8	9809050936
models--moonshotai--Kimi-K2.5	blobs/3cc7727ddbeabef16b90ce0219446bc2d4ea9032	16517
models--moonshotai--Kimi-K2.5	blobs/3ef1f8d5bac88618ad5104a0ac30c268eac98a2add384c0bd31ec82cf8c3d5bd	9809050936
models--moonshotai--Kimi-K2.5	blobs/4235b1e3d587a2ebbdcf111eb231c1d66a891ef0c8e6bc91214e4ebccbfa499f	9809050936
models--moonshotai--Kimi-K2.5	blobs/4236900d679c2a9c134e71e080b905fa877a53648ee7da7d36d3bf0b1f5586bb	9809050936
models--moonshotai--Kimi-K2.5	blobs/46cd89549baf6099c1629a1a023b0a6886d5d115f9afc97ffb68390339967eb7	9809050936
models--moonshotai--Kimi-K2.5	blobs/4886aa2bf3e83fbb83adee7fde183b9476820dafcbaade99a87b95c8946e5b78	9809050936
models--moonshotai--Kimi-K2.5	blobs/4bb3f8ec4a1d604598b7ffb4621b955e995bda92	52
models--moonshotai--Kimi-K2.5	blobs/505f7178c7e3d089aa51d3eb83b2133e379ae75e25b00ebc80793c4affbd90e3	9809050936
models--moonshotai--Kimi-K2.5	blobs/52534a0a523aaf64c061297aa1efe3b6cb5e42a0af422f14933c159c92ba9e49	9809050936
models--moonshotai--Kimi-K2.5	blobs/5858b3290a32509480affd58abc01482d5976550	5435
models--moonshotai--Kimi-K2.5	blobs/587db1e460105d0911601db58c115cb8b6d136b2b327426127dc8a45ff39c5e8	9809050936
models--moonshotai--Kimi-K2.5	blobs/59b8afda0898ca3dd0ea382e941d05d1624061716f83b296f456a6e27db43f49	9809050936
models--moonshotai--Kimi-K2.5	blobs/5e6118090a8738a46430bae56464855ea0adf2ab2f4752b63c96a53c88f3b74c	9809050936
models--moonshotai--Kimi-K2.5	blobs/60f6e14a3f89fb81a1565de92417606379ed6f4aeaafff2ccba679a53df8c77f	4697635160
models--moonshotai--Kimi-K2.5	blobs/65b0cd81a5c8320fdfbba91f3530bf35da9befe7a776da1f4d5485083b527d8a	9809047464
models--moonshotai--Kimi-K2.5	blobs/67a8e121c665e0ad9fe9e72406d4560cc513b6a3df85ab05b8063e26cedc3f0b	9809050936
models--moonshotai--Kimi-K2.5	blobs/67cbaa9ecb8dc2dfd53c396927439bfd6a8a7503a49997615004fe5df0138e20	9809050936
models--moonshotai--Kimi-K2.5	blobs/6a5be161b2f3af9e1f299588d4ef898a174504324aa163398c0a510d8cf735eb	9809050936
models--moonshotai--Kimi-K2.5	blobs/707925a7f440d22c1fde9ea13676b7ee924d6e21	78528
models--moonshotai--Kimi-K2.5	blobs/72be28902ba87b0a1ac24ebb3b36ee89850cc7f13fbbb51e8b1dba743c7eb171	9809050936
models--moonshotai--Kimi-K2.5	blobs/743f85f3f9d57e10432ab2961728385f5cb8ea8035e14b4fde83086b062b1afb	9809050936
models--moonshotai--Kimi-K2.5	blobs/76b1c63b64a234b2631566f983f5775393ff3d8cbb6d8828fe9d168a039873ea	9809050936
models--moonshotai--Kimi-K2.5	blobs/7868ea7598734c24cbbbbf904799c76b29af9803	13353
models--moonshotai--Kimi-K2.5	blobs/7a8bc2d71c92fce81cbda9da8a33db470eb1f5eb899e87c03c0973cba34ddf8f	833769904
models--moonshotai--Kimi-K2.5	blobs/7bdae095b9c721830784435564dada40a63c2c4b434cba4d81dbc0b1173e3d75	9809047464
models--moonshotai--Kimi-K2.5	blobs/7c219d7247ad815f9c73a93684402da0549e9724	1465
models--moonshotai--Kimi-K2.5	blobs/803a24c512c5e2b0cd336323720be011df58036e176d6d63f7f1976ec8e533ab	9809050936
models--moonshotai--Kimi-K2.5	blobs/835c2cce752c8f7030d04fdd11a27311efc489b1558dee9d646d135d3cd82044	9809050936
models--moonshotai--Kimi-K2.5	blobs/870b8be6e07cc2c46f7173e800fbaff8af0af5d1	87988
models--moonshotai--Kimi-K2.5	blobs/8795e06f381700d6420798f82174e3f9647e9f89	13179
models--moonshotai--Kimi-K2.5	blobs/87a86769c0b7f8bc5f260ddedf35f85c4fc73db5524d025e9241adcb633bba15	9809050936
models--moonshotai--Kimi-K2.5	blobs/899dbf01f498fa71c4e97833caac73c7fbb3e197a237f2f7d9fea9c5262afdc3	9809050936
models--moonshotai--Kimi-K2.5	blobs/908e8aa5cd2f478f3c9253b474134980d4a131b4	40082
models--moonshotai--Kimi-K2.5	blobs/9240b5987ffbe8b47f0668db0b7608916e1648bc9a3a0b55f6079c222e430a83	9809050936
models--moonshotai--Kimi-K2.5	blobs/951255997883c0e4fd53a8a3e10add6e79354217	5416
models--moonshotai--Kimi-K2.5	blobs/9534ee2411e8c05451e19b7234ceddcd33271795b782d910baa9ebb96738d2f9	9809050936
models--moonshotai--Kimi-K2.5	blobs/953fb907ef1c49724b402c0f420ce3007eac3f20d4b2ecf286012b4cde671cb8	9809050936
models--moonshotai--Kimi-K2.5	blobs/a177b349938d277b2ff17d4593981343c7a66a6445b964fd596551dc325dd889	9809050936
models--moonshotai--Kimi-K2.5	blobs/a40ec230e0fdc7283fa4b7c504303296913785ec	50961
models--moonshotai--Kimi-K2.5	blobs/a93c151606f2853f398eecd708da5a2c8975600bf319f6b7f1bade66f83a8ca9	9809050936
models--moonshotai--Kimi-K2.5	blobs/a97ff66ec88a9e02a129cb3dc75b2c3cb4fc4ccf698777042253504be372b52f	9809047464
models--moonshotai--Kimi-K2.5	blobs/b0accb4b335998b847e0093bf4a63e1f32447cc9	742
models--moonshotai--Kimi-K2.5	blobs/b10e67a118315d38fa740093f4c6f82f468eb7f2881e08639c74230927dfdc51	9809050936
models--moonshotai--Kimi-K2.5	blobs/b1c15627438fcdd2c905aa78a682f51a26fbdc50403bfa74601be6ee1550da3b	9809050936
models--moonshotai--Kimi-K2.5	blobs/b3152dd7c3e53d223d561848dc967f487daf32ef	10615
models--moonshotai--Kimi-K2.5	blobs/b341417f09964cf477c60fd431ecd6e454442e973d41a17038004340ce8ad83e	9809050936
models--moonshotai--Kimi-K2.5	blobs/b6c497a7469b33ced9c38afb1ad6e47f03f5e5dc05f15930799210ec050c5103	2795286
models--moonshotai--Kimi-K2.5	blobs/b7e27bd85a6de53b3098a5ebc83e47dae99ce0d207dca130681e2ca1f95ac649	9809050936
models--moonshotai--Kimi-K2.5	blobs/bdba19b127c4d1dc57dc3b6f3366c10739c7e7f13baf3f5424b556469a4dbc1b	23597438
models--moonshotai--Kimi-K2.5	blobs/bf6a7b9cf582a34c663e945ead490b13f3f6a07a00ff247c29afc4bf908960e3	9809050936
models--moonshotai--Kimi-K2.5	blobs/c4d32fcaffbe72d4050388e6464bb719408e361e	4862
models--moonshotai--Kimi-K2.5	blobs/c5487f8977f5ae403c45f36c34add86a8616da4bb8fa4f7dbccc9a0c156dcc1d	9809050936
models--moonshotai--Kimi-K2.5	blobs/c558728752e493c3764a7abdd1281e3d12bfed1d	1662
models--moonshotai--Kimi-K2.5	blobs/c74880b04dc208397d7182c4692ca67644ea732be216ac4b23241db389f86886	9809047464
models--moonshotai--Kimi-K2.5	blobs/cd82fedc4da324d1be93db896d0b30ccc02ffd4d267bd1b64875c5cc0d7cee22	9809050936
models--moonshotai--Kimi-K2.5	blobs/d042fbe87dc47857f897b7491b2a965207be73d7477e5a1d8c46d5f25441615e	9809050936
models--moonshotai--Kimi-K2.5	blobs/d328618ace908cc752a8197591157a6ab060205f95b222e11bb9c57d8d906802	9809050936
models--moonshotai--Kimi-K2.5	blobs/d526032f91036de5f3d226b866acf449553b986d	6906
models--moonshotai--Kimi-K2.5	blobs/da5cfbfe78d1c740c3cbe8ba49d84712d4328be72d3389dad54361d480cd3148	9809047464
models--moonshotai--Kimi-K2.5	blobs/da91fa6a5e61a3dc36a2a9e46e0be066ce67ae78a1f2dcdce04511c38e30fb5d	9809047464
models--moonshotai--Kimi-K2.5	blobs/db51daa87c01b891ab72cf41acc01be732a5f8108afa32c7a50e8e1bba57e263	9809050936
models--moonshotai--Kimi-K2.5	blobs/e017c948926333558df1a9637ff052c663378a70afbc1bb5b20528b8b5a501aa	9809047464
models--moonshotai--Kimi-K2.5	blobs/e4f08c59cee6cc26a92cfb5f36952511b171d5db527d1d78f84f7a081ab78599	9809047464
models--moonshotai--Kimi-K2.5	blobs/eaddbb07f16c5567ca9b94ef8585124188197877ce7c11b3c9818431da884adc	9809050936
models--moonshotai--Kimi-K2.5	blobs/ecbbd2355a4b74d425a1ab847de07d603a0f23c1eb5615563e72f224335022d7	9809050936
models--moonshotai--Kimi-K2.5	blobs/f375d01e1b1230cb0bbfc3c6ce6a81c26a578b633dc43e24956610c84205d688	9809050936
models--moonshotai--Kimi-K2.5	blobs/f7c1b87ab8a9c0df0e85acb6af5c5b7096ac434aaf2df17ca05b0b12ccd5a8ea	9809050936
models--moonshotai--Kimi-K2.5	blobs/f88cb41422626beb4cf1e7826b079448a4663cd0	3759
models--moonshotai--Kimi-K2.5	blobs/fcb683f1c9170fc6a661c569dc18163934e2629c0d25f278e4bc73f2ad09bfbe	9809050936
models--moonshotai--Kimi-K2.5	blobs/fdf3ab2f100f7c28a1f1e7295297e54b515d0b53	10019
models--moonshotai--Kimi-K2.5	blobs/fdf3def720479758dfb38f53b6cf97d4d326fd39f215b2d1c65699423d3af2ad	9809050936
models--moonshotai--Kimi-K2.5	blobs/fe6cd19a160352d14d6f28bb66dd7d9c06f1e9350025645def52fa979b77e004	9809050936
models--zai-org--GLM-5-FP8	blobs/017ac1fdff8af74e9ca0490a3740d5e3f1a459675d237d06d31da469d505df6b	5363339288
models--zai-org--GLM-5-FP8	blobs/049829348ff42578c28da94e1ac132e62943e0e4205ec90fe9a612081435bdbb	5363339104
models--zai-org--GLM-5-FP8	blobs/0a23709c19769c9d113a7fdcd80a307d8e348fde1b5686697d58c20bee61442d	5363324248
models--zai-org--GLM-5-FP8	blobs/0b7c7a8ac34e62424109fdc5d58bd5667adae8dcc8bf80254142ca14113f575d	5363339104
models--zai-org--GLM-5-FP8	blobs/0bf7a18dd4c8dbcf70b14330ae82282d3d1b8eed4ae23e563063c7bb024b1e6f	5363351176
models--zai-org--GLM-5-FP8	blobs/0c445cd28a66f82ea149c1faca45fdeb9e90969d5079979c0cc84cbc31f25911	5317175232
models--zai-org--GLM-5-FP8	blobs/0d37be93a5270cf8f7e4c20e5a733a31aff2bd83bc9656e9b3d7dc1b9a2d5926	5361736504
models--zai-org--GLM-5-FP8	blobs/0f096b79ea10167b5e9fc66e99f0654c684893009cef9342ed72a363631b552d	5363339304
models--zai-org--GLM-5-FP8	blobs/0f5ffe3e0c765d94bad30581eeefa6840d68be91	35876
models--zai-org--GLM-5-FP8	blobs/0f980f59d1f5bc3dd9a717824b652045da1ea20b32aee9593811453e97d75c64	5361736696
models--zai-org--GLM-5-FP8	blobs/11690fcb8a35c5048fc3bfffaa892be9294929c5a01b61c09e0a100b97b0601b	5357553232
models--zai-org--GLM-5-FP8	blobs/1370f0035979329b828d21b11369784f52dcdb19bf0268ad934c18f79c0f44c6	5363339120
models--zai-org--GLM-5-FP8	blobs/15dfa9511f0446684a5afc4a7afff701a2c03c72ff16750c61e6d11f19e63f22	5363339112
models--zai-org--GLM-5-FP8	blobs/16518212441ee118c37025caa5a986e0c1c25cea10b21035eae0911a7a097e1a	5361736344
models--zai-org--GLM-5-FP8	blobs/1723f7d90e3fb497303ec7b18f88cf5d05928f37	760
models--zai-org--GLM-5-FP8	blobs/18b9acd03945bbf30331843a692e68e0ac009355471a5b2c3d887a51d79d5f08	5361791448
models--zai-org--GLM-5-FP8	blobs/18d098486d2b0fe98046868dfc5c052f752768df47571eb250c8629e99a90f4b	5361736696
models--zai-org--GLM-5-FP8	blobs/19e773648cb4e65de8660ea6365e10acca112d42a854923df93db4a6f333a82d	20217442
models--zai-org--GLM-5-FP8	blobs/1a17170e28d81d697955ae340c0927b648e8e1f6b06a6ae8051f286c8f74f725	5361736696
models--zai-org--GLM-5-FP8	blobs/1a1fce227dd4cf06e019b45d7a9f852db3e165f27b223e30002ff0390eefaf07	5363339104
models--zai-org--GLM-5-FP8	blobs/1b1b181cf70e93fae4771bf8f640bdfe25757a35dbf162397ac039ea0f6244a5	5361736392
models--zai-org--GLM-5-FP8	blobs/1cd1c8a2c2c1c30fe3ce14e965f21e1d0684fe7653d4fbce02f0cf923b92f356	5363339104
models--zai-org--GLM-5-FP8	blobs/1d2aa1c3abc6c15bdc46c0a675729715add84dd7d9218165618a728ad6a3e5dc	5363339368
models--zai-org--GLM-5-FP8	blobs/1eb0735c1a20f7160538a9f726a499164c09c963796c7a587da2adcc0c3183df	5363339344
models--zai-org--GLM-5-FP8	blobs/1f85c52a4ab7e507c35aab862e6e5d2261ca7acd220bef4d9fc5f0f60f9a5433	5361735712
models--zai-org--GLM-5-FP8	blobs/23a142ec111c2f0cc3774d4d3366b0002b21efb709ed2fd41c38dc2ad2e5a7ae	5361736256
models--zai-org--GLM-5-FP8	blobs/25f98c086c4851964f5e728c8d1c443d811e65305024cd93a086295c549bd9fb	5363338336
models--zai-org--GLM-5-FP8	blobs/29932a2ecc623843e31768f5f7bd2f3c8539a60263d68fe623fd21002ec0d7b4	5360192648
models--zai-org--GLM-5-FP8	blobs/2aa9b1b98b4fb1292027b581b71ba4ab2e19c547e986f8e1902945359baee56f	146853760
models--zai-org--GLM-5-FP8	blobs/324872f5321be459e6547ff1b5761498908d2792973dcc84b986729a990a0b84	5363339112
models--zai-org--GLM-5-FP8	blobs/35df6bfbcb06518ff0cef09085323278440788ffa3d4c367521f2a09f1e270b8	5363339432
models--zai-org--GLM-5-FP8	blobs/37761351d784734edf0bd086f0f54d3fcbf26ab3a564cda71ccaa44d20de8905	5363339104
models--zai-org--GLM-5-FP8	blobs/390eaf7f2c80d1ac017521f4a5113677abfed056753d05c451a7c2a546384998	5361736232
models--zai-org--GLM-5-FP8	blobs/39cdaf4f718d51bd65c5cc812cce5fd116742ba34904925b2251fe92e380a3ab	5361736368
models--zai-org--GLM-5-FP8	blobs/3ebd54b219a9922a2fa28cdc043193f5be8069b414c33c52cc23aff6555a7732	5363338640
models--zai-org--GLM-5-FP8	blobs/3ed3cf9834a98d6ac61a6eb37fbcd25aab7168a1a7579c0bdd4ce46af409c3c0	5361736616
models--zai-org--GLM-5-FP8	blobs/3f7d4a35ec30b1e403e07eb367a09406f391a23c97173b78f89ac46cb7f8fee9	5363338872
models--zai-org--GLM-5-FP8	blobs/3f8c5b671e3f6d03b609dfea7e3da594c4a55a39a9d33106257f6b5d869dfcfc	5361736696
models--zai-org--GLM-5-FP8	blobs/40ed1069c5e99a613f4f9c23413648193d9e28e20f9c81bcb51a20ea40a5f5f2	5363338800
models--zai-org--GLM-5-FP8	blobs/4132292769edeb9c781945eb21e83a6323255726d0cae98eda2f2a9327bfe6c1	5363339328
models--zai-org--GLM-5-FP8	blobs/48bda8f99680a449983f51f863377b3309f5aae7a09e2236909ded35831d1a0a	5361736480
models--zai-org--GLM-5-FP8	blobs/4968a13e14aa1e876f5d9682a3daf3cf421858cff94fc776943ca5a8184ad4d1	5363339296
models--zai-org--GLM-5-FP8	blobs/49e54a4ebc045c90f4049e3ecb773d1ccd3c6a722dfa50ab1b82767d80434e6a	5361736416
models--zai-org--GLM-5-FP8	blobs/4abc20153449c8c3ebaa4868205cd9d49a8837003882ac6e27d14d759077416f	5363339520
models--zai-org--GLM-5-FP8	blobs/4d3d1c850ccb27716365a4e7a6078f7a589d2b94b780f0fd7f6ac5222d75402d	5361736664
models--zai-org--GLM-5-FP8	blobs/4ea19f319667a7ff62aea9182eb39e676c44a1b2792464ede0dff578ca255030	5363338584
models--zai-org--GLM-5-FP8	blobs/5107083d264ed50fa120c4a527c80c61c79406918b16200a9db23bb5ff798c6d	5361736392
models--zai-org--GLM-5-FP8	blobs/51ff14da49b30e98a983f67d1382ee61e242c2635e8afe7431bdf6472791ff43	5361736568
models--zai-org--GLM-5-FP8	blobs/52507d77cd4eadb12479d79acb5d860fa782de2ddc244d11f9e5a80a63127750	5363339256
models--zai-org--GLM-5-FP8	blobs/53dba89973165ece2063a47af49ffddbd92393728164eec82e522d99f360dbe9	5361736440
models--zai-org--GLM-5-FP8	blobs/57cb5e9b3ca010298d6449f011dc04db5c66c70bac463dce08d63a8d60654858	5361736416
models--zai-org--GLM-5-FP8	blobs/58f45b0fbdcec9210e20e21d83d85c916f4c7a8f82589950960b17b0ea882eb6	5363339280
models--zai-org--GLM-5-FP8	blobs/59170cbf61516ca344e7ec4a8cc6bac795ba1aa091eb8da50fed0a69bcabb204	5361736464
models--zai-org--GLM-5-FP8	blobs/5a403d574ac16ad5f71acc5c53a751d5597b1096fda90616b59c452df5e1b03f	5363339264
models--zai-org--GLM-5-FP8	blobs/5a9dbd7a78f2a8688ff554830e82f0cbdd4a9cf51a3c33e8710440f6ef7ee6fb	5363338784
models--zai-org--GLM-5-FP8	blobs/5ac5286e25756020cff6f33b5ffbbaf433792b4f6683553e9643ff60e6ea4ec9	5361736512
models--zai-org--GLM-5-FP8	blobs/5b4a58396a11ca0719dfa96b4f719b0260862b417ee4de707a04c3a6fe509514	5361736280
models--zai-org--GLM-5-FP8	blobs/5b897afb6edfe441b3e9071d6e028588d8fa2b81d8c8f8763ae4d167a9056ea2	5361736592
models--zai-org--GLM-5-FP8	blobs/5bc2ccdb8c5b2b383f7b20d768f52f14ff195893b0e47609c0880c053d311b4e	5361736376
models--zai-org--GLM-5-FP8	blobs/5bf1f64ee7adfbfeaa68a75aefc98fc5c5c58747575c8bd49bd36526e40c2501	5361736296
models--zai-org--GLM-5-FP8	blobs/5de9c64ce96444e49bf95d11cf13dfb425376ee57d71ad4037925e2f44229507	5363339384
models--zai-org--GLM-5-FP8	blobs/5f0dcfd2ac425ac53d1f8496738a1d589abf751ed417f8208bc806ec64e2ebc2	5363339592
models--zai-org--GLM-5-FP8	blobs/6018f81ee60c76b9cb17386e34cfdf740f575b0fc03fac354937e7fa92ad578e	5363339160
models--zai-org--GLM-5-FP8	blobs/62bb12817d2fb52b9e40ce9072e0182311931859a9670cfecb639b550bae59cf	5363339120
models--zai-org--GLM-5-FP8	blobs/640e99c64d2f17d76e2f1f13af219fb369e1004e	198
models--zai-org--GLM-5-FP8	blobs/64ae817d687bd28da6f341031825cb8f36bb1c84998ce1d86844115f1b7c0ea3	5361736312
models--zai-org--GLM-5-FP8	blobs/6839ee23433764e6115cbc1c5efe927ccf795b0e96256927382fc785c66a3a13	5363339128
models--zai-org--GLM-5-FP8	blobs/695f44a758d5b70a2bfa67cf3d4bc162dcd85359a6d7ce80390618d8276b00f0	5361736424
models--zai-org--GLM-5-FP8	blobs/6a2c237185eaea4919fa49471b3d37a0e9c92f1fc519ddd099b37f3792647255	5361736248
models--zai-org--GLM-5-FP8	blobs/6a9a7e63e77ebefad25c210f3448528febd9233c66764e772fa0d87673f35ba1	5361736688
models--zai-org--GLM-5-FP8	blobs/6c258c48569f10be550ee80a70ede7710011152438085447725133e41e2f18e7	5363339104
models--zai-org--GLM-5-FP8	blobs/6c591ea9b7d9534d605e11b8c1205eb5cf3e61ecaa68832107ec55a6bbcd5c9a	5361736680
models--zai-org--GLM-5-FP8	blobs/6f06ef79013a1d19e2634cc3932b4df57131faabdb37c7a7956188a3140cd0c6	5361736696
models--zai-org--GLM-5-FP8	blobs/7329ef4f994a7ac22901e465f943665708ad88236e630cae0532cf75ee4cc474	5363339456
models--zai-org--GLM-5-FP8	blobs/74963234bf95c73eb5d2fcfefb91e266b8174d3bef480f1080dd7548f3e43110	5363338920
models--zai-org--GLM-5-FP8	blobs/750437a7548c477bf59e7a8ee734e15dceac9c9f5dce324ca9c6573f306fc337	5361736456
models--zai-org--GLM-5-FP8	blobs/7693b2415f2c52dc6afb4768b59b0992ab633b09a00b88b1cef0d39d8fd23dba	5363339152
models--zai-org--GLM-5-FP8	blobs/771f22a8f1a454a3d9f54a200f7405c55b5a8f092ecc1ba20ee87e0854bd98dd	5363339416
models--zai-org--GLM-5-FP8	blobs/77fdeae54c5306335c557fe56a2d4065fe7f8bcbe38f89751b98584490f88900	5363339232
models--zai-org--GLM-5-FP8	blobs/78b98ec815057d0d0d4cd543e99088691eae47c84396aea86f34840b2735936e	5361736552
models--zai-org--GLM-5-FP8	blobs/79b755e74f642cb8ec7627f50414a6efe617485200f29acb65b340c78a603a79	5363339608
models--zai-org--GLM-5-FP8	blobs/7a294efbbf5c7f0eca60797c7a6902045d84896371cc5815ca431ce52afcc567	5363339440
models--zai-org--GLM-5-FP8	blobs/7ae2cca9408e50e17965c215ddba7b5338a2b5d77664423dffd5a0a393b8e52e	5361736520
models--zai-org--GLM-5-FP8	blobs/7b7c448e61f5c540da49c2658770f0610a67937e34c06c0f52c1b5e3ebfd1a50	5361736696
models--zai-org--GLM-5-FP8	blobs/7d4a92cc3461f34a93d28f642ff49a32d6f0d02394fea1da4d688b262a50dfa0	5342346848
models--zai-org--GLM-5-FP8	blobs/803dc5351fd5f339c1c3f51596a53a5e8e1adc406c77846e5511dde2f4e04e3f	5363339112
models--zai-org--GLM-5-FP8	blobs/81603c43fd54122915e648c6760efb06b2074ddf979220702f0a408776a8749f	5363339120
models--zai-org--GLM-5-FP8	blobs/81d5a5df226a522646dbe605c4e9f2c6b032c3b5f243e2f9c9891eaf6bc05739	5363339176
models--zai-org--GLM-5-FP8	blobs/83dc804610f23c1e7408efff395561c57fce1bc154edb0993daa30ebe3d5d219	5363339104
models--zai-org--GLM-5-FP8	blobs/843296669063d6f70903debc1e03335a3f0dbab3d870299fcfbe8b39c2f2dc7d	5361736696
models--zai-org--GLM-5-FP8	blobs/8a833fd85da6e5525c7cf7fb490355443033dcc0e925c3ba1f70b9fef4dc0f20	5363339200
models--zai-org--GLM-5-FP8	blobs/8b15acba1b715f59fd5faff35837c873a5c2ba3cbd18f761e230cd0162305a34	5361736552
models--zai-org--GLM-5-FP8	blobs/8b1e7c742d95fa425c992ee444de4aa156239896fee0fb7489d059f64f8c73ed	5363339400
models--zai-org--GLM-5-FP8	blobs/8d3e72c856980cb93ab40baab7134f775bf9642f5190269c26ec8db5bcb9d42a	5361736648
models--zai-org--GLM-5-FP8	blobs/951f5ba0ba8523268e40bfb11ba1d3bdc2e63f766c7e952b175188bb5ab4fa44	5342350104
models--zai-org--GLM-5-FP8	blobs/980b1b327df535ed93fca11113d99481efa84bf9	12763
models--zai-org--GLM-5-FP8	blobs/9868c6b52a816ef19ee78bdb40d3a9f588dd7d8b55e07ef669ceb7cc8e215405	5363339128
models--zai-org--GLM-5-FP8	blobs/9b5dc83d6b05c457df6ada80ad0344e48f4b5828	3123
models--zai-org--GLM-5-FP8	blobs/9c41fddb70210a91e20b92fb6abbefa61022ca8182e8832c8a67b02629c8a7a4	5363339104
models--zai-org--GLM-5-FP8	blobs/9cd86b5c670b8f1cf16a69e25e96ff9f09cc495eb7978ada4ac8eb14729f4586	5363339416
models--zai-org--GLM-5-FP8	blobs/9e162b3ad7bb627cd8984e41a62d049f070321b4b30ee7deb335f88a9ab93de9	5363339104
models--zai-org--GLM-5-FP8	blobs/a0c310df76953e1032b88c5935db29012509ec630ef03fab1c0c798816d8823e	5363339560
models--zai-org--GLM-5-FP8	blobs/a120b3a92f90bb8697391af8b903de6d41b206ed3a6f5051b4ec4ca8637dd2dd	5361736360
models--zai-org--GLM-5-FP8	blobs/a14ccbd5e6b8b64ada22ada946b659c39db00ec297e2d60974701dd648e96481	5363339120
models--zai-org--GLM-5-FP8	blobs/a22176ca17c834d77acc7cb323e5d3da464e5e384e5cd3b3d82782b82187d00f	5361735472
models--zai-org--GLM-5-FP8	blobs/a31dfd81ef4a146af0a72a11be699329adeb81040eb6aabd215190f00a74626a	5361736696
models--zai-org--GLM-5-FP8	blobs/a55cb3d114be3110de571150b2e73e4e3324730982f77d31263597a8b33f1824	5361736696
models--zai-org--GLM-5-FP8	blobs/a58896864c0ab9221c866cd7e7bcb204a4c09ed2df28193639de61e10fe1f422	5364883192
models--zai-org--GLM-5-FP8	blobs/a5c43b9fd27c3ba067265426673431c9cc747d8a5b27e1dab9df9c0fd575e371	11396202
models--zai-org--GLM-5-FP8	blobs/a6d39453d8ca90f5e38e0d51a95fd585766ad95488fb79d9f5d651bbcfe765bd	5361736264
models--zai-org--GLM-5-FP8	blobs/a85b5308027e06d196c97359f6994901693604f4b7fc1e5da6a0392c754e247a	5363339008
models--zai-org--GLM-5-FP8	blobs/a87c355208b817fc88279898d215d7360b34a5d57e021da902fe4c77be0051d1	5363339104
models--zai-org--GLM-5-FP8	blobs/a9d557ec5601653b8be2bb8ed3121159b368a53e6c6e27a7a901f2be859a3e32	5363339544
models--zai-org--GLM-5-FP8	blobs/aa7aacd0134a92c3c1943fdecc75cd8b7420cce6	1635
models--zai-org--GLM-5-FP8	blobs/ae448873ebdc15ec509d5848d8fb2bb2388a6c358d921782885b0d1d164047c4	5363339104
models--zai-org--GLM-5-FP8	blobs/ae9604297da196917b99102227e6b48d4069936ba8cb79d8c128be0e50c00541	5363339320
models--zai-org--GLM-5-FP8	blobs/afb49cb0afa0116f660d377e63bd0e9da2ea4bd580918fb1bd2dc93aae31864f	5361736656
models--zai-org--GLM-5-FP8	blobs/b061a3c1f07728dedc62e70e1382882c6f28c9d4c3657e68c7edb1f9d8b3c7a9	5363339152
models--zai-org--GLM-5-FP8	blobs/b0d21e6adce0671df9249b636a64571c6c01bd2e49881e033d7da9fb173cc221	5363338784
models--zai-org--GLM-5-FP8	blobs/b2de093fc6246082803e35e0d9f4a44f674a3182157df6afa1616aa1981ddc8d	5361736528
models--zai-org--GLM-5-FP8	blobs/b6c12790474e80f56dc9dd9e92600895ea269b3ce0f5652cdac3666497578d1d	5363339576
models--zai-org--GLM-5-FP8	blobs/b7433d93614452518eaa18d11e5bc3781dc6ed469b1e88601c8ece0b602b9469	5361736224
models--zai-org--GLM-5-FP8	blobs/b8b25497c26869d0c0fdbe76bf4a49ed9a5a851ac252271e3d54d18438015989	5357555688
models--zai-org--GLM-5-FP8	blobs/ba69f92ccb263707f68ddfa6920db53b328772a1cfe0bd80e925e423050f0a21	5361735840
models--zai-org--GLM-5-FP8	blobs/bdef4c133cc961d436c7b8e50ab10868faadb0f839c96852b0614831de7fe7df	5361736696
models--zai-org--GLM-5-FP8	blobs/c0ae1f8562dc6208723f2443fc8c479ab3bab325ef8489fd55ff5fe1e5750fca	5361736496
models--zai-org--GLM-5-FP8	blobs/c75e4dc9f7b1e345170f5cd3c47c764dfe631d7895008f5efdc82b2dde92de4c	5363940952
models--zai-org--GLM-5-FP8	blobs/c7d4fcf67f0abda1ac39e21cdf4d004f90109a33ee456ce39e53ea744c2c2fd1	5361736352
models--zai-org--GLM-5-FP8	blobs/ca36c484867c3d65dd936a1628568008d9858b6868a91a9645ddfa0f5000c275	5361736696
models--zai-org--GLM-5-FP8	blobs/cf0d671277f00d37f8c76d3a777ed04f285b445b3d20595ebd01d2a55cc4ec43	5363339120
models--zai-org--GLM-5-FP8	blobs/d26ad3f70c4ae1ddfb1c5ff293ed3e873920d3243703b6080c44a14715cdc345	5363339528
models--zai-org--GLM-5-FP8	blobs/d457c8c7b3e924c99fa803b177b7fea630a6da6a08106d90ff30a0cd4047cd4e	5361736696
models--zai-org--GLM-5-FP8	blobs/d4e917617d3df6cf943dbc53058e65d64c7f432ba93b932883e3425b2ef6bf6e	5363339504
models--zai-org--GLM-5-FP8	blobs/d546f87e34309770629fdac04b16e16fee4abe435b9613feb1236ec95a0380fc	5361736224
models--zai-org--GLM-5-FP8	blobs/d5f01c2205e2329c7b3e248ed4bf9691b025ed679189a044bd369f9200ed444c	5361735472
models--zai-org--GLM-5-FP8	blobs/d7990332702421457f777dfafb328c421be6e71eb0b643d95abf611f904c483c	5363338504
models--zai-org--GLM-5-FP8	blobs/dccd92cce1fa3cefd8bbdec064c19ff98664a490735180530b833433437bb0fc	5363339456
models--zai-org--GLM-5-FP8	blobs/e2d1702e2f1958d30eafb81c69f0abf0989c3d8bc82b752793a246c6cc60aa1c	5361736696
models--zai-org--GLM-5-FP8	blobs/e3162c33985af89993a70da3530ff552c4885e569f8ca06e84b3bead004488a8	5363339104
models--zai-org--GLM-5-FP8	blobs/e38bf614ab898ff21419ad6561a5bb2fcf14d0777bbfed82dcf0c8ff076bb3f0	5361736696
models--zai-org--GLM-5-FP8	blobs/e518a59a00bc1ec97d36f19734e21152e6a9faeb193d98e1278356be40101cc9	5363339176
models--zai-org--GLM-5-FP8	blobs/e72700bd7b0f1bf6fd96ee23f8b8895a8d00ac9b8b9c11446f297d82c91015a4	5361736640
models--zai-org--GLM-5-FP8	blobs/e88863a02faf9246111fbed296840af7873846a0cd5bff68ece522e21760a631	5363339120
models--zai-org--GLM-5-FP8	blobs/e8a98ae0a36069f43db202716713cdd143e8572f74195bcc64dd09620b393d4a	5361736632
models--zai-org--GLM-5-FP8	blobs/eea446482131a99317bf337cd70c15fd7801cf832c9dfae19ad4e22ca3bcaa1f	5361736696
models--zai-org--GLM-5-FP8	blobs/f51639c2ce215756db045f4cb614db6ef70174170ea95d9e6638a39e722965e1	5363339112
models--zai-org--GLM-5-FP8	blobs/f7a8dbb1ff406378f173dcd6713ecafa7a0c95f4112827c31844c184b4d45c74	5363339224
models--zai-org--GLM-5-FP8	blobs/f7de3956d658d011b20c6fcf7a14a4bfbb78d71d4e9af491a39481124ba3ab93	5363339448
models--zai-org--GLM-5-FP8	blobs/f9e10c68987f919c926469f7adb27d7279989dac736bb7115e9d8f19f9e7d15b	5361735840
models--zai-org--GLM-5-FP8	blobs/ff662658a03396680e04029d8d2fd8963505a3731d8abbaa3112fccaa75c7af7	5361736576
